{"times": [[1, 0.24457669258117676], [2, 0.04089498519897461], [3, 0.044417381286621094], [4, 0.03903698921203613], [5, 0.0393979549407959]], "losses": [[1, 2.4027575850486755], [2, 2.251018842061361], [3, 2.0735003054142], [4, 1.9689164211352665], [5, 1.9284073114395142]], "params": {"negative_sample_number": 10, "cluster_mean_output": "./output/cluster_means/tmp.csv", "regularization_noise": 1e-08, "final_gamma": 0.5, "annealing_factor": 1, "model": "GEMSECWithRegularization", "dimensions": 16, "cluster_number": 20, "Q": 1, "overlap_weighting": "normalized_overlap", "log_output": "./output/logs/tmp.json", "window_size": 5, "walker": "first", "minimal_learning_rate": 0.001, "P": 1, "lambd": 0.0625, "input": "/home2/s20235025/bigdata/GEMSEC/data/RW/strike.csv", "random_walk_length": 80, "assignment_output": "/home2/s20235025/bigdata/GEMSEC/data/RW/strike-gemsec-regu.json", "initial_learning_rate": 0.01, "dump_matrices": true, "embedding_output": "./output/embeddings/tmp_GEMSEC.csv", "num_of_walks": 5, "initial_gamma": 0.1, "distortion": 0.75}, "cluster_quality": [[1, 0.47541551246537395], [2, 0.42659279778393344], [3, 0.51696675900277], [4, 0.51696675900277], [5, 0.51696675900277]]}